grant_call,awarded_project,recipient,organisation
2nd Thematic Call for Proposals on Satellite Technologies,Radiation Hardened Power Management for Nanosatellites: Intelligent Monolithic Point-of-Load DC/DC -cum- Single Event Latchup Protection (iMPDCSELP),Prof. CHANG Joseph,Nanyang Technological University
2nd Thematic Call for Proposals on Satellite Technologies,"Regional Air Quality Monitoring and Forecasting using Remote Sensing Satellites, Ground-level Measurements and Numerical Modeling",Dr. SALINAS CORTIJO Santo Valentin,National University of Singapore
2nd Thematic Call for Proposals on Satellite Technologies,"Operational derivation of water quality, water depth and sea bottom type from remote sensing satellite data",Dr. LIEW Soo Chin,National University of Singapore
2nd Thematic Call for Proposals on Satellite Technologies,2.X. Radiation-Resilient Microcontroller for Small-Satellite Applications,Dr. LIU Xin,Science and Engineering Research Council (A*STAR)
2nd Thematic Call for Proposals on Satellite Technologies,2.5.Wafer-level optically-fed steerable antenna for low-mass satellite communication systems (Resubmission),Dr. ZHOU Haifeng,Science and Engineering Research Council (A*STAR)
2nd Thematic Call for Proposals on Satellite Technologies,1.X. Innovative Phased Array Synthetic Aperture Radar System on Chip for Satellite Applications [This is an improved proposal (ref. NRF2013SAS-SRP001-022) recommended for resubmission by PEP],Prof. ZHENG Yuanjin,Nanyang Technological University
2nd Thematic Call for Proposals on Satellite Technologies,2.4. Linearized Gbps X-Band Transmitter for Small Satellites,Dr. SHI Bo,Science and Engineering Research Council (A*STAR)
2nd Thematic Call for Proposals on Satellite Technologies,GER: Gradually Expanded Rotamak-Like Plasma Thruster,Prof. XU Shuyan,National Institute of Education
2nd Thematic Call for Proposals on Satellite Technologies,GaN based DC/DC Converters for Solar Powered Nano-satellites,Dr. SINGH Ravinder Pal,Science and Engineering Research Council (A*STAR)
Directed Call for Proposals on Smart Grid,RAMP Rate Power Injection Demonstrator (RAPID),Dr. ULLAH Inam,Science and Engineering Research Council (A*STAR)
Directed Call for Proposals on Smart Grid,Novel Hierarchical Transactive Energy Management System Incorporating Predictive Assessment Techniques for Enhanced Community Market Participation,Prof. GOOI Hoay Beng,Nanyang Technological University
Directed Call for Proposals on Smart Grid,SELF-REGULATING INTEGRATED ELECTRICITY-COOLING NETWORKS (IE-CN),Dr. LEE Shiang Long,Science and Engineering Research Council (A*STAR)
Directed Call for Proposals on Smart Grid,PoPSeCo: Power Plant Security by Advanced Sensing and Computing,Prof. YAU David,Singapore University of Technology and Design
Directed Call for Proposals on Smart Grid,Securing Last-Mile Communication Systems for Smart Grids (Full Proposal),Dr. WU Yongdong,Science and Engineering Research Council (A*STAR)
Directed Call for Proposals on Gas/LNG Technologies,Advanced Multi-Sensor Anomaly Monitoring and Analytics for Gas Pipeline,Prof. UKIL Abhisek,Nanyang Technological University
Directed Call for Proposals on Gas/LNG Technologies,Using Cold Energy from Re-gasification of Liquefied Natural Gas (LNG) for Novel Hybrid Seawater Desalination Technologies,Prof. CHUNG Tai-shung (neal),National University of Singapore
Directed Call for Proposals on Gas/LNG Technologies,LNG Cold Energy Utilization to Desalinate Seawater Employing the Hydrate Based Desalination (HBD) Process,Prof. LINGA Praveen,National University of Singapore
Directed Call for Proposals on Gas/LNG Technologies,Energy minimization at the SLNG regasification terminal: Boil-off gas management and process integration,Prof. KARIMI Iftekhar,National University of Singapore
Directed Call for Proposals on Gas/LNG Technologies,Condition Monitoring of Gas Pipelines in Critical Locations using Ultrasonic Guided Wave Technology,Prof. FAN Zheng,Nanyang Technological University
Directed Call for Proposals on Gas/LNG Technologies,Integrated Fibre Optic Sensor Based Monitoring System for LNG Terminals,Prof. CAI Wenjian,Nanyang Technological University
Directed Call for Proposals on Gas/LNG Technologies,"Millimeter-wave Phased Arrays System for the Inspection of Cracks, Corrosion and Damages for On-Shore Receiving Facilities (ORF) & Pipelines",Dr. KARIM Muhammad Faeyz,Science and Engineering Research Council (A*STAR)
Directed Call for Proposals on Gas/LNG Technologies,Integrated Leakage Detection and Localization Model for Natural Gas Pipelines,Dr. LUO Rongmo,Science and Engineering Research Council (A*STAR)
Directed Call for Research Proposals in Increasing Energy Recovery of Advanced Thermal Treatment Technologies for Municipal Solid Waste (MSW) Management,Energy Efficient MSW Incinerator via Integrated Catalytic Membrane Gasification,Prof. KAWI Sibudjing,National University of Singapore
Directed Call for Research Proposals in Increasing Energy Recovery of Advanced Thermal Treatment Technologies for Municipal Solid Waste (MSW) Management,Application of Phase Change Materials (PCM) for improved energy efficiency in Waste to Energy (WtE) plants,Dr. ROMAGNOLI Alessandro,Nanyang Technological University
Directed Call for Research Proposals in Increasing Energy Recovery of Advanced Thermal Treatment Technologies for Municipal Solid Waste (MSW) Management,Gasification-based syngas upgrading and purification system for enhanced power generation,Dr. CHANG Wei-chung,Nanyang Technological University
National Cybersecurity R&D Laboratory (NCL),na,na,na
14/2014 - Competitive Research Programme (CRP) 14th Call (Open/General),Development of solvent resistant nanofiltration membranes for sustainable pharmaceutical and petrochemical manufacture,Prof. CHUNG Tai-shung (neal),National University of Singapore
14/2014 - Competitive Research Programme (CRP) 14th Call (Open/General),"""QSYNC"": Theory and experiments of quantum synchronisation in trapped ions and nano-mechanical resonators",Prof. VEDRAL Vlatko,National University of Singapore
14/2014 - Competitive Research Programme (CRP) 14th Call (Open/General),Perovskite Optoelectronics: Multidimensional Perovskites for High Performance Solution-Processed Light-Emitting Devices,Prof. MHAISALKAR Subodh,Nanyang Technological University
14/2014 - Competitive Research Programme (CRP) 14th Call (Open/General),Engineering of a Scalable Photonics Platform for Quantum Enabled Technologies,Dr. KRIVITSKIY Leonid,Science and Engineering Research Council (A*STAR)
13/2014 - Competitve Research Programme (CRP) 13th Call (Open/General),na,na,na
"[EIRP07]Directed call for Proposals on Innovations to achieve cost reductions in crystalline-silicon solar wafers, cells and modules and Proposals on Innovations in managing intermittency of solar energy",Passivated contacts for high-efficiency silicon wafer based solar cells,Dr. STANGL Rolf,National University of Singapore
"[EIRP07]Directed call for Proposals on Innovations to achieve cost reductions in crystalline-silicon solar wafers, cells and modules and Proposals on Innovations in managing intermittency of solar energy",Cost-effective silicon wafer solar cells using inkjet-printed front metallisation,Dr. MUELLER Thomas,National University of Singapore
"[EIRP07]Directed call for Proposals on Innovations to achieve cost reductions in crystalline-silicon solar wafers, cells and modules and Proposals on Innovations in managing intermittency of solar energy",Weather Intelligence for Renewable Energy (WIRE),Dr. WALSH Wilfred,National University of Singapore
"[EIRP07]Directed call for Proposals on Innovations to achieve cost reductions in crystalline-silicon solar wafers, cells and modules and Proposals on Innovations in managing intermittency of solar energy",Development of Advanced Components to Reduce Solar Module Cost,Dr. SRIDHARA Shankar Gauri,Private Companies (Others)
Directed Call for Proposals on Building Energy Efficiency (EIPO RFP 010),Real-time Monitoring and Characterization of Particle Count and Indoor Environmental Quality with Integrated Low-cost Sensors,Dr. LIU Hui,Science and Engineering Research Council (A*STAR)
Directed Call for Proposals on Building Energy Efficiency (EIPO RFP 010),Membranes to remove air pollutants and excess humidity for better indoor air quality and energy saving,Prof. CHUNG Tai-shung (neal),National University of Singapore
Directed Call for Proposals on Building Energy Efficiency (EIPO RFP 010),An air-conditioning Method without Compressor for all Weather Cooling: Hybrid dehumidifier cycle and Maisotsenko (M) cycle for Cooling,Prof. NG Kim Choon,National University of Singapore
Directed Call for Proposals on Building Energy Efficiency (EIPO RFP 010),Functionalized Aerogel for Treatment of Indoor Moisture and Air Contaminants (FATIMAC),Dr. HO Ghim Wei,National University of Singapore
Inaugural Cybersecurity Research and Development Grant Call,Secure Mobile Centre - Technologies and Solutions for Securing Mobile Computing,Prof. DENG Robert,Singapore Management University
Inaugural Cybersecurity Research and Development Grant Call,TSUNAMi:  Trustworthy Systems from UN-trusted component Amalgamations,Prof. ROYCHOUDHURY Abhik,National University of Singapore
Inaugural Cybersecurity Research and Development Grant Call,Securing data in the cloud using information dispersal algorithm to disperse data in large number of dynamically configured storage nodes,Mr. MAR Kheng Kok,Nanyang Polytechnic
Inaugural Cybersecurity Research and Development Grant Call,Securify: A Compositional Approach of Building Security Verified System,Prof. SRIKANTHAN Thambipillai,Nanyang Technological University
Inaugural Cybersecurity Research and Development Grant Call,A Cyber-Physical Approach to Securing Urban Transportation Systems,Dr. ZHOU Jianying,Science and Engineering Research Council (A*STAR)
Inaugural Cybersecurity Research and Development Grant Call,Cyber Forensics and Intelligence,Dr. THING Vrizlynn,Science and Engineering Research Council (A*STAR)
Inaugural Cybersecurity Research and Development Grant Call,Project ASPIRE: Advancing Security of Public Infrastructure using Resilience and Economics,Prof. MATHUR Aditya,Singapore University of Technology and Design
EWI Open Call 13/01 for Water Technologies,Aquaporin Based Biomimetic Forward Osmosis Membranes: From lab scale production of membranes to pilot scale production and industrial test bedding of membrane modules,Mr. PERRY Mark Edward,Environment & Water Industry Programme Office (EWI)
EWI Open Call 13/01 for Water Technologies,Cake Filtration for Next-Generation Separation,Dr. GAO Xin,Environment & Water Industry Programme Office (EWI)
EWI Open Call 13/01 for Water Technologies,Captivator-BNR: An Energy-Neutral WWTP Configuration Using DAF-Based Biosorption as Primary Treatment and Aerated Anoxic Technology as BNR Treatment to Achieve Excellent Carbon and Nitrogen Removal,Dr. DING Hongbo,Environment & Water Industry Programme Office (EWI)
EWI Open Call 13/01 for Water Technologies,Novel carbon nanostructure based membranes for low-energy water desalination and purification,Prof. YANG Hui Ying,Singapore University of Technology and Design
EWI Open Call 13/01 for Water Technologies,Molecular Imprinted Polymers (MIPs) for the chemosensing of algal toxins in water,Prof. CHAI Christina,National University of Singapore
EWI Open Call 13/01 for Water Technologies,Water Safety Monitoring and Risk Assessment: Real-time Sensors for Threat Agents Detection,Prof. LI Sam,National University of Singapore
EWI Open Call 13/01 for Water Technologies,Characterization of selected channels and transporters of ions and small molecules as potential components of biomimetic membranes used in desalination and water purification,Dr. LAM Siew Hong,National University of Singapore
EWI Open Call 13/01 for Water Technologies,Mechanistic study of salt uptake and desalination process in the mangrove tree Avicennia officinalis,Prof. KUMAR Prakash,National University of Singapore
EWI Open Call 13/01 for Water Technologies,Development of analytical method for endotoxins and determination of their levels in water treatment plants,Prof. LI Sam,National University of Singapore
EWI Open Call 13/01 for Water Technologies,Development of Rapid Sampling Methods and Microbial Signatures for Monitoring of Singapore Recreation Aquatic Facilities,Dr. LEE Yuan Kun,National University of Singapore
EWI Open Call 13/01 for Water Technologies,A Transformative Polymer-based Heat Exchanger with a Modular Multi-Core System of Curved Microfluidic Channels Utilizing the Inherent Unique Dynamics of Dean Vortices (THERMIC),Prof. CHEN Peter Chao Yu,National University of Singapore
EWI Open Call 13/01 for Water Technologies,A high throughput functionalized moving surface for continuous heavy metal ion extraction from waste streams,Prof. BLACKWOOD Daniel,National University of Singapore
EWI Open Call 13/01 for Water Technologies,Emerging microbial contaminants of concern in tropical urban catchments,Prof. GIN Karina,National University of Singapore
EWI Open Call 13/01 for Water Technologies,Improved Recovery and Energy Efficient Reverse Osmosis (RO) Process,Dr. CHONG Tzyy Haur,Nanyang Technological University
EWI Open Call 13/01 for Water Technologies,"Robust and High Performance Aquaporin-based Biomimetic Membranes for Water Reuse, Desalination and Energy Recovery",Prof. WANG Rong,Nanyang Technological University
EWI Open Call 13/01 for Water Technologies,Biomimetic Water Desalination Process: Learning from Mangrove,Prof. LIM Sierin,Nanyang Technological University
EWI Open Call 13/01 for Water Technologies,Dual-functional hybrid membrane based on carbon aerogels for highly efficient oil removal from wasterwater,Prof. ZHANG Hua,Nanyang Technological University
EWI Open Call 13/01 for Water Technologies,Development of high-performance membranes for the recovery of methane from anaerobic digestion processes,Dr. BAE Tae-hyun,Nanyang Technological University
EWI Open Call 13/01 for Water Technologies,Application of Nitric Oxide to Control Biofouling on Water Purification Membranes for Reverse Osmosis and Membrane Bioreactors,Prof. RICE Scott,Nanyang Technological University
EWI Open Call 13/01 for Water Technologies,Adaptation of existing biological nutrient removal plants to achieve mainstream complete autotrophic nitrogen removal- as demonstrated in Changi Water Reclamation Plant,Prof. WUERTZ Stefan,Nanyang Technological University
Directed Call for Proposals on Clean Energy Generation Systems and Microgrid systems,Improving Reliability and Economic Performance of Microgrids,Prof. GOOI Hoay Beng,Nanyang Technological University
Directed Call for Proposals on Clean Energy Generation Systems and Microgrid systems,Power Generation in Chlor-Alkali Plants Using Hydrogen Fuel Cells,Prof. CHAN Siew Hwa,Nanyang Technological University
Directed Call for Proposals on Clean Energy Generation Systems and Microgrid systems,Adaptive Integrated Hybrid DC-AC Micro Power Parks System,Dr. WANG Peng,Nanyang Technological University
Directed Call for Proposals on Clean Energy Generation Systems and Microgrid systems,DG-TISE: Flexible Distributed Generation using Tidal In-Stream Energy System for Remote Island Applications,Prof. NARASIMALU Srikanth,Nanyang Technological University
Directed Call for Proposals on Clean Energy Generation Systems and Microgrid systems,Efficient Low Flow Wind Turbine,Prof. NARASIMALU Srikanth,Nanyang Technological University
Directed Call for Proposals on Clean Energy Generation Systems and Microgrid systems,Hub-wide Grid Planning and Management System for Industrial Hubs,Dr. HU Guoqiang,Nanyang Technological University
Directed Call for Proposals on Clean Energy Generation Systems and Microgrid systems,Innovative power system control and energy management for solar PV hybrid systems using forecasting and multi-objective optimization techniques for advanced and economic diesel replacement business,Prof. PANDA Sanjib Kumar,National University of Singapore
"Directed Call for Proposals on Cost Reductions through Innovations in Materials and Manufacturing Processes for Solar Wafers, Cells and Modules",Feasibility of high-efficiency aluminium local back surface field multicrystalline silicon wafer solar cells,Prof. ABERLE Armin,National University of Singapore
"Directed Call for Proposals on Cost Reductions through Innovations in Materials and Manufacturing Processes for Solar Wafers, Cells and Modules",Advanced metallization concepts enabling cost reduction for industrial high-efficiency silicon wafer solar cells,Dr. MUELLER Thomas,National University of Singapore
"Directed Call for Proposals on Cost Reductions through Innovations in Materials and Manufacturing Processes for Solar Wafers, Cells and Modules",Enabling Thin Silicon Technologies for Lower-Cost Next Generation Silicon Solar PV Systems,Prof. BUDIMAN Arief,Singapore University of Technology and Design
"Directed Call for Proposals on Cost Reductions through Innovations in Materials and Manufacturing Processes for Solar Wafers, Cells and Modules",Innovative manufacturing processes for low cost flexible GaAs solar cells,Dr. MATHEWS Nripan,Nanyang Technological University
"Directed Call for Proposals on Cost Reductions through Innovations in Materials and Manufacturing Processes for Solar Wafers, Cells and Modules","Advanced Metallization & Interconnection Methods for Manufacturing Low Cost, High Efficiency Solar Cells and Modules",Dr. SRIDHARA Shankar Gauri,Private Companies (others)
Land and Liveability (L2) NIC First Call for Proposals,na,na,na
Directed Call for Proposals on Innovative Solutions that Address Industry-Relevant Challenges in the Power Generation Sector,An Enhanced Condition Monitoring System for Gas Pipes Using Fiber Optic Sensors,Prof. SO Ping Lam,Nanyang Technological University
Directed Call for Proposals on Innovative Solutions that Address Industry-Relevant Challenges in the Power Generation Sector,LNG POWER GENERATION FROM GAS TURBINE AND STIRLING ENGINE,Dr. DUAN Fei,Nanyang Technological University
Directed Call for Proposals on Innovative Solutions that Address Industry-Relevant Challenges in the Power Generation Sector,An Integrated Solution for Optimal Generation Operation Efficiency Through Dynamic Economic Dispatch,Prof. WANG Qing-guo,National University of Singapore
Directed Call for Proposals on Innovative Solutions that Address Industry-Relevant Challenges in the Power Generation Sector,Improving Tembusu Multi-Utilities Complex Cogeneration Plant Reliability and Availability  through Expert Operation Decision Support System and Enhanced Predictive Condition Monitoring System,Mr. SELVARAJ Sankar,Private Companies (others)
Directed Call for Proposals on Innovative Solutions that Address Industry-Relevant Challenges in the Power Generation Sector,Mitigation of Haze Effect on Gas Turbine Performance,Mr. MOHAN DASS Ettanoor Thuppale,Nanyang Technological University
Directed Call for Proposals on Innovative Solutions that Address Industry-Relevant Challenges in the Power Generation Sector,Developing A Fibre Optic Sensing Solution For Gas Pipeline Monitoring (Resubmission),Mr. ONG Min Sing,Private Companies (others)
12/2013 - Competitive Research Programme (CRP) 12th Call (Open/General),na,na,na
Directed Call for Proposals on Building Energy Efficiency (EIPO RFP 6),"An innovative air treatment system for improved air quality, reduced humidity load and energy efficient ACMV",Dr. CHUA Ernest Kian Jon,National University of Singapore
Directed Call for Proposals on Building Energy Efficiency (EIPO RFP 6),Adaptive Occupancy Based Localized Cooling Control of ACMV Systems,Prof. XIE Lihua,Nanyang Technological University
Directed Call for Proposals on Building Energy Efficiency (EIPO RFP 6),Measurement and Verification of Chilled-water Plant,Prof. CAI Wenjian,Nanyang Technological University
Directed Call for Proposals on Building Energy Efficiency (EIPO RFP 6),Development of a Novel Oblique Fin Air-Conditioning (OFAC) System,Prof. LEE Poh Seng,National University of Singapore
Directed Call for Proposals on Building Energy Efficiency (EIPO RFP 6),Intelligent Information Management System for Smart Buildings using Multi-Agent-Enabled Wireless Sensor-Actuator Networks,Prof. PANDA Sanjib Kumar,National University of Singapore
Directed Call for Proposals on Building Energy Efficiency (EIPO RFP 6),REPLACEMENT OF COOLING TOWER BY COMPACT WATER AND ENERGY SAVING SUPER HYDROPHOBIC MEMBRANE BASED EVAPORATIVE COOLER,Mr. ANTONY PRINCE James Selvaraj,Ngee Ann Polytechnic
Directed Call for Proposals on Building Energy Efficiency (EIPO RFP 6),Comfort-Driven Distributed ACMV Control Retrofit: Driving Energy Efficiency with Novel Sensing and Control Applications,Dr. HU Guoqiang,Nanyang Technological University
EWI Challenge Request-for-Proposal (RFP) on Achieving ?93% Water Recovery from Membrane Bioreactor Filtrate,Electrodialysis Reversal (EDR) based Low-cost Low-energy Technologies for Achieving ? 93% Water Recoveries from Membrane Bioreactor (MBR) Filtrate,Dr. RAMANAN Harikrishnan,Environment & Water Industry Programme Office (EWI)
11/2012 - Competitive Research Programme (CRP) 11th Call (Open/General),na,na,na
Thematic Call for Proposals on innovative satellite technologies,Development of microfabricated travelling-wave tube amplifiers (TWTAs) at Ka-band,Prof. ADITYA Sheel,Nanyang Technological University
Thematic Call for Proposals on innovative satellite technologies,Surface plasmon enhanced uncooled midwave infrared photodetecting cameras for thermal imaging,Prof. ZHANG Dao Hua,Nanyang Technological University
Thematic Call for Proposals on innovative satellite technologies,"Operational derivation of water quality, water depth and sea bottom type from remote sensing satellite data",Dr. LIEW Soo Chin,National University of Singapore
Thematic Call for Proposals on innovative satellite technologies,Light Field Imaging Spectrometer (LFIS) for Atmosphere Pollution Monitoring by Satellite,Prof. MIAO Jianmin,Nanyang Technological University
Thematic Call for Proposals on innovative satellite technologies,"Regional Air Quality Monitoring and Forecasting using Remote Sensing Satellites, Ground-level Measurements and Numerical Modeling",Dr. SALINAS CORTIJO Santo Valentin,National University of Singapore
Thematic Call for Proposals on innovative satellite technologies,Advanced Baseband Receiver Algorithms for High Efficiency Satellite Imagery,Dr. YEN Kai,Science and Engineering Research Council (A*STAR)
Thematic Call for Proposals on innovative satellite technologies,Electronic Beamforming for Synthetic Aperture Radar Payload on Small Satellite,Dr. YEO Swee Ping,National University of Singapore
Thematic Call for Proposals on innovative satellite technologies,Visual Semantic Mining of Satellite Imagery,Dr. LU Shijian,Science and Engineering Research Council (A*STAR)
Thematic Call for Proposals on innovative satellite technologies,Multimode High Speed RF Inter-Satellite Link for Small Satellites,Dr. CHIA Yan-wah,Science and Engineering Research Council (A*STAR)
Thematic Call for Proposals on innovative satellite technologies,Metamaterial-based millimetre wave beamforming circularly polarized antenna array for satellite systems,Dr. QING Xianming,Science and Engineering Research Council (A*STAR)
Thematic Call for Proposals on innovative satellite technologies,The Joint Viterbi Detector/Decoder (JVDD) for Satellite Communication,Dr. CHAN Kheong Sann,Science and Engineering Research Council (A*STAR)
10/2012 - Competitive Research Programme (CRP) 10th Call (open/general),Peripheral Nerve Prostheses - A Paradigm Shift in Restoring Dexterous Limb Function,Dr. THAKOR Nitish,National University of Singapore
10/2012 - Competitive Research Programme (CRP) 10th Call (open/general),NEW APPROACH TO LOW POWER INFORMATION STORAGE: ELECTRIC-FIELD CONTROLLED MAGNETIC MEMORIES,Dr. CHEN Jingsheng,National University of Singapore
10/2012 - Competitive Research Programme (CRP) 10th Call (open/general),Pure Spin Current and Spin Wave Devices,Prof. ADEYEYE Adekunle,National University of Singapore
10/2012 - Competitive Research Programme (CRP) 10th Call (open/general),Development of Super-resolution and High-sensitivity Optical Nanoscopes,Prof. HONG Minghui,National University of Singapore
10/2012 - Competitive Research Programme (CRP) 10th Call (open/general),LEARNING FROM BATS: FROM GENOMICS TO CONTROLLING VIRAL INFECTION AND COMBATING CANCER,Prof. WANG Linfa,Duke-NUS GMS Singapore
10/2012 - Competitive Research Programme (CRP) 10th Call (open/general),RECHARGEABLE HIGH POWER AQUEOUS LITHIUM-AIR BATTERIES (Resubmission),Prof. ADAMS Stefan,National University of Singapore
9/2011 - Competitive Research Programme (CRP) 9th Call (Track A: Open/General Competitive Research Programme (CRP)),Non-volatile Magnetic Logic and Memory Integrated Circuit Devices,Dr. LEW Wen Siang,Nanyang Technological University
9/2011 - Competitive Research Programme (CRP) 9th Call (Track A: Open/General Competitive Research Programme (CRP)),Artificial Liver Platform for Next-Generation Drug Discovery and Development,Prof. CHO Nam-joon,Nanyang Technological University
9/2011 - Competitive Research Programme (CRP) 9th Call (Track A: Open/General Competitive Research Programme (CRP)),Fundamental Limits and Applications of the Atomic Level Ion Source: (Angstrom Level Imaging and Quantum Foundry),Prof. PICKARD Daniel,National University of Singapore
9/2011 - Competitive Research Programme (CRP) 9th Call (Track A: Open/General Competitive Research Programme (CRP)),Toward Commercialization of Graphene Technologies,Dr. ÖZYILMAZ Barbaros,National University of Singapore
9/2011 - Competitive Research Programme (CRP) 9th Call (Track A: Open/General Competitive Research Programme (CRP)),Research and Development of Novel Interfacial Water Technologies,Prof. MATSUDAIRA Paul,National University of Singapore
"EIRP02: Directed call for proposals on innovative Smart Grid solutions in the areas of (i) Grid Analytics and Sensors, and (ii) Distributed Energy Management, Storage and Control Systems.",Towards Green Datacenters as an Interruptible Load for Grid Stabilization in Singapore,Dr. WEN Yonggang,Nanyang Technological University
"EIRP02: Directed call for proposals on innovative Smart Grid solutions in the areas of (i) Grid Analytics and Sensors, and (ii) Distributed Energy Management, Storage and Control Systems.",Dynamic Optimization and Energy Management for Smart Grids,Prof. SRINIVASAN Dipti,National University of Singapore
"EIRP02: Directed call for proposals on innovative Smart Grid solutions in the areas of (i) Grid Analytics and Sensors, and (ii) Distributed Energy Management, Storage and Control Systems.",Research on DC microgrid for performance enhancement of smart grid,Dr. WANG Huaqian,Singapore Polytechnic
"EIRP02: Directed call for proposals on innovative Smart Grid solutions in the areas of (i) Grid Analytics and Sensors, and (ii) Distributed Energy Management, Storage and Control Systems.",Wattalyzer: An Integrated Solution for Smart Grid Condition Monitoring through Advanced Sensing and Real-Time Analytics,Dr. KRISHNASWAMY Shonali,Science and Engineering Research Council (A*STAR)
"EIRP02: Directed call for proposals on innovative Smart Grid solutions in the areas of (i) Grid Analytics and Sensors, and (ii) Distributed Energy Management, Storage and Control Systems.",Demand Focused Smart Energy Management in End User Environments for Sustainable Cities,Prof. WOOD Kristin,Singapore University of Technology and Design
"EIRP02: Directed call for proposals on innovative Smart Grid solutions in the areas of (i) Grid Analytics and Sensors, and (ii) Distributed Energy Management, Storage and Control Systems.","Advanced Solar PV Communication and Control device for optimized systems performance, reliable metering and enhanced grid stability",Dr. REINDL Thomas,National University of Singapore
NRF Proof-of-Concept (POC) Call For Proposal 2/2009,Development and Demonstration of Silicon-Carbide based Power Electronic Converter for Motor-Generator Control in Hybrid Electric Vehicles,Prof. TSENG King Jet,Nanyang Technological University
NRF Proof-of-Concept (POC) Call For Proposal 2/2009,A New Endoluminal Device for Duodenal Exclusion in Treatment of Type 2 Diabetes Mellitis and Obesity,Prof. SO Jimmy Bok-yan,National University of Singapore
NRF Proof-of-Concept (POC) Call For Proposal 2/2009,Photonic MEMS-Integrated Wavelength Tunable Laser via Silicon Thermo-optical Digital Mirrors,Prof. LIU Ai Qun,Nanyang Technological University
NRF Proof-of-Concept (POC) Call For Proposal 2/2009,Development of a Hand-held Solid Dispenser Using a Motor-Driven Auger,Dr. LEE Ken Chi Lik,Singapore Polytechnic
NRF Proof-of-Concept (POC) Call For Proposal 2/2009,Anti-inflammatory peptide loaded microemulsion gel formulation as potential therapeutic for post-operative adhesion,Prof. PONNAMPALAM Gopalakrishnakone,National University of Singapore
NRF Proof-of-Concept (POC) Call For Proposal 2/2009,Development of a new and precise spherical air bearing alignment system for double-sided nano-imprinting of disk media,Prof. TAN Kok Kiong,National University of Singapore
NRF Proof-of-Concept (POC) Call For Proposal 2/2009,A human monoclonal biotherapeutic to target the dengue NS3 protein,Prof. VASUDEVAN Subhash,Duke-NUS GMS Singapore
NRF Proof-of-Concept (POC) Call For Proposal 2/2009,New Grid Array antennas and Their Integration Method for An Innovative Solution to 60?GHz Radio Devices,Prof. ZHANG Yue Ping,Nanyang Technological University
NRF Proof-of-Concept (POC) Call For Proposal 2/2009,Spin wave based nondestructive semiconductor testing tools,Prof. YANG Hyunsoo,National University of Singapore
NRF Proof-of-Concept (POC) Call For Proposal 2/2009,Low Cost High Performance Anti Reflective Coating Based on Si Nanocrystals Embedded in SiO2 Film,Ms. GOH SHING MEI Eunice,Nanyang Technological University
NRF Proof-of-Concept (POC) Call For Proposal 2/2009,High Efficiency Electrogenerated Chemiluminescence with Colloidal Quantum Dot Emitters in Ultrathin Cells for Display Applications,Prof. SUN Xiaowei,Nanyang Technological University
NRF Proof-of-Concept (POC) Call For Proposal 2/2009,A Semantics-based and Service-Oriented Framework for the Virtualization of Sensor Networks,Dr. LIM Hock Beng,Nanyang Technological University
NRF Proof-of-Concept (POC) Call For Proposal 2/2009,"This is a proposal to develop a prototype for HedgeSPA.com (HEDGE Fund and SPecial Investment Advisors) at a cost of S$250,000 starting by July 1, 2009 and ending by June 30, 2010. (Resubmission)",Prof. LEE Bernard,SMU-POC
NRF Proof-of-Concept (POC) Call For Proposal 2/2009,Processing Full Range of Waste Grease into Renewable Energy,Ms. SONG Sin Nee,Republic Polytechnic
NRF Proof-of-Concept (POC) Call For Proposal 2/2009,Single-coil superconducting miniundulator – the next step towards high-brilliance synchrotron radiation,Prof. MOSER Herbert O.,National University of Singapore
NRF Proof-of-Concept (POC) Call For Proposal 2/2009,"New compact, fast, parallel-processing Fourier-transform interferometer (FPP-FTIR) enabling short-pulse spectroscopy (Resubmission)",Prof. MOSER Herbert O.,National University of Singapore
NRF Proof-of-Concept (POC) 9th Grant Call,Real-Time Monitoring and Fault Detection of Train’s Electrification System,Prof. SEE Kye Yak,Nanyang Innovation and Enterprise Office (NTU)
NRF Proof-of-Concept (POC) 9th Grant Call,Next Generation High Performance Uncooled Infrared Image Sensors Based on AlGaAs/InGaAs Heterostructure Thermopiles Technology,Prof. WANG Hong,Nanyang Innovation and Enterprise Office (NTU)
NRF Proof-of-Concept (POC) 9th Grant Call,Method and apparatus for enhancing sensitivity of optical coherence tomography,Dr. LIU Linbo,Nanyang Innovation and Enterprise Office (NTU)
NRF Proof-of-Concept (POC) 9th Grant Call,Blood Perfusion Monitoring Device for Application in Ischemic Foot,Prof. LEE Kijoon,Nanyang Innovation and Enterprise Office (NTU)
NRF Proof-of-Concept (POC) 9th Grant Call,Measurement And Insertion Device (MAID) for in-office unsedated tracheoesophageal puncture,Dr. CHUI Chee Kong,NUS Industry Liaison Office
NRF Proof-of-Concept (POC) 9th Grant Call,Development of an Energy Efficient Expander-compressor Unit for Refrigeration/Air-con Systems,Dr. OOI Kim Tiow,Nanyang Innovation and Enterprise Office (NTU)
NRF Proof-of-Concept (POC) 9th Grant Call,Multiplex Oligonucleotide-linked Signal Amplification Technology (MOST) and Its Application to the Investigation of Encephalitis of Unknown Etiology,Prof. WANG Linfa,NUS Industry Liaison Office
NRF Proof-of-Concept (POC) 9th Grant Call,The World’s First Prognostic Kit for Dengue,Prof. NG Mah-lee,NUS Industry Liaison Office
NRF Proof-of-Concept (POC) 9th Grant Call,Development of anti-coking catalysts for CO2 reforming of CH4  for syngas production: from lab to commercialization,Prof. KAWI Sibudjing,NUS Industry Liaison Office
NRF Proof-of-Concept (POC) 6th Grant Call,Energy efficient hydrogen production via a hybrid photocatalysis/electrolysis prototype,Dr. CHUA Ernest Kian Jon,NUS Industry Liaison Office
NRF Proof-of-Concept (POC) 6th Grant Call,A novel multiple-zone soft contact lens to slow myopia progression,Prof. SAW Seang-mei,NUS Industry Liaison Office
NRF Proof-of-Concept (POC) 6th Grant Call,SMART Active Nanopores Membrane; integrated Catalytic Disinfectant and Sensory for Air/Water,Dr. HO Ghim Wei,NUS Industry Liaison Office
NRF Proof-of-Concept (POC) 6th Grant Call,Application of nano-sized adsorbent for arsenic contaminated water treatment,Prof. CHEN Jiaping,NUS Industry Liaison Office
NRF Proof-of-Concept (POC) 6th Grant Call,Perspective Audio: Creating 3D Sound Ready for Prime Time,Prof. GAN Woon Seng,Nanyang Innovation and Enterprise Office (NTU)
NRF Proof-of-Concept (POC) 6th Grant Call,Low-Cost High-Performance Catalyst for Hydrogen Generation,Prof. CHAN Siew Hwa,Nanyang Innovation and Enterprise Office (NTU)
NRF Proof-of-Concept (POC) 6th Grant Call,Non-substrate transfer process to prepare large-area graphene films for ITO replacement,Dr. YIN Zongyou,Nanyang Innovation and Enterprise Office (NTU)
NRF Proof-of-Concept (POC) 6th Grant Call,Development of a ‘wound dressing patch’ made up of an aloe-vera-nanomesh impregnated with human umbilical cord Wharton’s jelly stem cells or its extracts for keloid suppression and wound healing,Dr. FONG Chui Yee,NUS Industry Liaison Office
NRF Proof-of-Concept (POC) 6th Grant Call,Ready to use semiconducting single walled carbon nanotubes powder and film for a new generation of high performance printed electronics,Prof. CHAN Bee Eng Mary,Nanyang Innovation and Enterprise Office (NTU)
NRF Proof-of-Concept (POC) 6th Grant Call,A Scalable Technology for Transparent Conducting Oxide Thin Films on Flexible Substrates,Dr. CHENG Hansong,NUS Industry Liaison Office
NRF Proof-of-Concept (POC) 6th Grant Call,Diagnosis of Myocardial Ischemia-producing Coronary Stenosis via Curvedness and Curvedness Rate Obtained from Stress Cardiac Magnetic Resonance Imaging,Dr. TAN Ru San,National Heart Centre Singapore
NRF Proof-of-Concept (POC) 6th Grant Call,Microfluidics Biochip for Cancer Diagnosis,Prof. LIM Chwee Teck,NUS Industry Liaison Office
NRF Proof-of-Concept (POC) 7th Grant Call,Next generation contact-free optical motion sensor,Prof. KAKARALA Ramakrishna,Nanyang Innovation and Enterprise Office (NTU)
NRF Proof-of-Concept (POC) 7th Grant Call,Next generation low-cost touch interface for large-sized surfaces,Prof. KHONG Andy,Nanyang Innovation and Enterprise Office (NTU)
NRF Proof-of-Concept (POC) 7th Grant Call,Light-Emitting Diode with High Luminous Efficacy and Color Tunability by Self-Assembled Hemispherical Microstructures,Dr. CHEN Rui,Nanyang Innovation and Enterprise Office (NTU)
NRF Proof-of-Concept (POC) 7th Grant Call,Versatile core-shell-shell fluorescent upconversion nanoparticles for light based detection and disease diagnostics,Prof. ZHANG Yong,NUS Industry Liaison Office
NRF Proof-of-Concept (POC) 7th Grant Call,Multi-layer polymer capacitors using grafted fluoropolymer for applications in mobile phone cameras,Dr. LEE Pooi See,Nanyang Innovation and Enterprise Office (NTU)
NRF Proof-of-Concept (POC) 7th Grant Call,"Analyte-specific Spatially Addressable Nanostructured Arrays (ASANA): Next-Generation, High-Sensitivity Microarrays Using Proprietary Flow-Coupled Nanostructured Platforms",Prof. CHOI Wee Kiong,NUS Industry Liaison Office
NRF Proof-of-Concept (POC) 7th Grant Call,Development of Li rechargeable batteries with fast charge rate and high energy storage capacity,Prof. LU Li,NUS Industry Liaison Office
NRF Proof-of-Concept (POC) 7th Grant Call,Self-healing anticorrosion coatings via microencapsulated HDI,Prof. YANG Jinglei,Nanyang Innovation and Enterprise Office (NTU)
NRF Proof-of-Concept (POC) 7th Grant Call,Development of Master And Slave Transluminal Endoscopic Robot (MASTER); a paradigm shift in endoscopy and surgery,Prof. PHEE Louis,Nanyang Innovation and Enterprise Office (NTU)
NRF Proof-of-Concept (POC) 7th Grant Call,"Ion Camera"": a real-time high-sensitivity and high-resolution ISFET-based ion detection system for food and drug safety",Dr. YAN Mei,Nanyang Innovation and Enterprise Office (NTU)
NRF Proof-of-Concept (POC) 7th Grant Call,Development of Integrated Li-ion Battery for Portable Electronic Devices,Dr. BALAYA Palani,NUS Industry Liaison Office
"Directed call for proposals on cost reductions through innovations in crystalline silicon PV materials, cells, modules and systems and Proposals on innovations in recycling of silicon wafers, cells and modules",Singapore PV Module Recycling Programme,Mr. YOH Chee Ping Nelson,Private Companies (others)
"Directed call for proposals on cost reductions through innovations in crystalline silicon PV materials, cells, modules and systems and Proposals on innovations in recycling of silicon wafers, cells and modules",Maximising PV Array System Efficiency under Rapid Shading Conditions,Dr. MASKELL Douglas,Nanyang Technological University
"Directed call for proposals on cost reductions through innovations in crystalline silicon PV materials, cells, modules and systems and Proposals on innovations in recycling of silicon wafers, cells and modules",Novel dielectric coatings for silicon wafer solar cells,Dr. LIN Fen,National University of Singapore
"Directed call for proposals on cost reductions through innovations in crystalline silicon PV materials, cells, modules and systems and Proposals on innovations in recycling of silicon wafers, cells and modules",The TruePowerTM Alliance - advanced combination of extended indoor and outdoor PV module & system testing across various climate zones,Dr. REINDL Thomas,National University of Singapore
"Directed call for proposals on cost reductions through innovations in crystalline silicon PV materials, cells, modules and systems and Proposals on innovations in recycling of silicon wafers, cells and modules",Ion implantation for low-cost high-efficiency silicon wafer solar cells,Dr. HOEX Bram,National University of Singapore
9/2011 - Competitive Research Programme (CRP) 9th Call (Track B: Energy-related Competitive Research Programme (CRP)),Air Conditioning Systems Efficiency: - A novel hybrid cogeneration-based district cooling to achieve 0.65±0.5 kW/Rton,Prof. NG Kim Choon,National University of Singapore
9/2011 - Competitive Research Programme (CRP) 9th Call (Track B: Energy-related Competitive Research Programme (CRP)),Power grid stability with an increasing share of intermittent renewables (such as solar PV) in Singapore,Dr. REINDL Thomas,National University of Singapore
NRF Proof-of-Concept (POC) 8th Grant Call,na,na,na
Assessing 21st Century Competencies - IDM Challenge Phase 1,Multimodal Analysis ONLINE: A Web-Based Software Application for Collaborative Project Work,Prof. O'HALLORAN Kay,National University of Singapore
Assessing 21st Century Competencies - IDM Challenge Phase 1,Virtual World based Educational Data Mining for Assessing Students’ Learning Skills,Dr. MIAO Chunyan,Nanyang Technological University
Assessing 21st Century Competencies - IDM Challenge Phase 1,“APPLETREE”: Assessing Processes and Products for LEarning (APPLE) by Tracking and Reporting Efficacy and Effectiveness (TREE) of Collaborative Idea Improvement,Dr. CHEN Wenli,National Institute of Education
8/2011 General Competitive Research Programme (CRP) call,Self-Powered Body Sensor Network for for Disease Management and Prevention-Oriented Healthcare,Prof. LIAN Yong,National University of Singapore
8/2011 General Competitive Research Programme (CRP) call,Green factories for essential oil production - Develop plant system and microbial systems for the sustainable production of valuable chemicals from plants,Dr. JI Lianghui,Temasek Life Sciences Laboratory
8/2011 General Competitive Research Programme (CRP) call,New Generation HVAC Systems - Total Energy Efficiency Solutions,Prof. SOH Yeng Chai,Nanyang Technological University
8/2011 General Competitive Research Programme (CRP) call,Redox-flow Lithium Batteries as a New Concept and Implementable Solution for Large Scale Energy Storage,Dr. WANG Qing,National University of Singapore
8/2011 General Competitive Research Programme (CRP) call,Herbalomic: Novel approach for fingerprinting and authentication of herbal products (Resubmission),Prof. TAM James,Nanyang Technological University
8/2011 General Competitive Research Programme (CRP) call,Control of exotic quantum phenomena at strategic interfaces and surfaces for novel functionality by in-situ synchrotron radiation,Prof. BREESE Mark,National University of Singapore
8/2011 General Competitive Research Programme (CRP) call,Plasmonic-Electronics: New Generation of Devices to Bypass Fundamental Limitations,Dr. NIJHUIS Christian,National University of Singapore
(For Selected Applicants Only) Directed Requested for Proposal (RFP) on Achieving >50% Used Water Recycling / Water Conservation in Industries (EWI RFP 11/01),Water & Energy Audit at Singapore Refining Company with demonstration of chosen technology in 50 m3/day pilot plant,Mr. ANDERSEN Martin,Environment & Water Industry Development Council (EWI)
(For Selected Applicants Only) Directed Requested for Proposal (RFP) on Achieving >50% Used Water Recycling / Water Conservation in Industries (EWI RFP 11/01),Recycling used water combining low-temperature waste heat of Senoko Power Plant with novel vacuum multi-effect membrane distillation process developed by memsys and experimental study of scaling & non-condensable gases venting,Mr. LANGE Goetz,Environment & Water Industry Development Council (EWI)
Directed call for proposals on improving silicon wafer-based solar cell manufacturing processes and technologies and Proposals on thin-film solar cells based on the chalcopyrite materials system,Development of Hybrid Heterojunction Silicon Wafer Solar Cells (H2 cells),Dr. STANGL Rolf,National University of Singapore
Directed call for proposals on improving silicon wafer-based solar cell manufacturing processes and technologies and Proposals on thin-film solar cells based on the chalcopyrite materials system,"Development of a low-cost, high-power back-contact module using high efficiency Metal Wrap Through (MWT) solar cells",Dr. STEEMAN Rob,Private Companies (others)
Directed call for proposals on improving silicon wafer-based solar cell manufacturing processes and technologies and Proposals on thin-film solar cells based on the chalcopyrite materials system,Ultrafast atomic layer deposition for cost-efficient high-efficiency silicon wafer solar cells,Dr. HOEX Bram,National University of Singapore
Directed call for proposals on improving silicon wafer-based solar cell manufacturing processes and technologies and Proposals on thin-film solar cells based on the chalcopyrite materials system,CIGS solar cells and mini-modules: Establishment of an R&D pilot line in Singapore and associated industry-relevant device research,Dr. KOCHUPURACKAL Jinesh,Nanyang Technological University
Directed call for proposals on improving silicon wafer-based solar cell manufacturing processes and technologies and Proposals on thin-film solar cells based on the chalcopyrite materials system,Integrated framing system for crystalline silicon photovoltaic modules,Dr. WALSH Timothy,National University of Singapore
7/2010 Scenario-based Competitive Research Programme (CRP) Call,AQMARINOME2016: Increasing Singapore’s food fish production through aquaculture genomics R&D,Prof. ORBAN Laszlo,Temasek Life Sciences Laboratory
7/2010 Scenario-based Competitive Research Programme (CRP) Call,Rice for the future: Novel strategies to develop elite and improved varieties for sustainable rice production,Prof. KUMAR Prakash,National University of Singapore
7/2010 Scenario-based Competitive Research Programme (CRP) Call,Development of Virus-Controlling Biotechnologies for Cost-Efficient & Sustainable Aquaculture,Prof. HONG Yunhan,National University of Singapore
(for invited proposals only) EWI Open Call 10/02 for Water Technologies,Cloud-Assisted Real-Time and Large-Scale Monitoring and Analysis for Water Quality,Dr. HE Bingsheng,Nanyang Technological University
Directed Call for Proposals on Thin Silicon Wafers for Photovoltaic Cells and Proposals on Photovoltaic System Cost Reduction,EFFICIENT WAFERING AND TEXTURING OF SINGLE AND MULTI CRYSTALLINE SILICON FOR SOLAR CELLS,Dr. SUBBIAH Sathyan,Nanyang Technological University
Directed Call for Proposals on Thin Silicon Wafers for Photovoltaic Cells and Proposals on Photovoltaic System Cost Reduction,DEVELOPMENT OF HIGH-EFFICIENCY CRYSTALLINE/AMORPHOUS SILICON HETEROJUNCTION SOLAR CELLS ON THIN WAFERS,Dr. MUELLER Thomas,National University of Singapore
Directed Call for Proposals on Thin Silicon Wafers for Photovoltaic Cells and Proposals on Photovoltaic System Cost Reduction,Novel monitoring and control unit for enhanced availability and reliability of solar PV systems -  Optimization of photovoltaic electricity generation in tropical power grids through radiation forecasting and system monitoring,Dr. REINDL Thomas,National University of Singapore
6/2010 General Competitive Research Programme (CRP) call (2nd stage - Full Proposal),"Advanced FO Membranes and Membrane Systems for Wastewater Treatment, Water Reuse  and Seawater Desalination",Prof. CHUNG Tai-shung (neal),National University of Singapore
6/2010 General Competitive Research Programme (CRP) call (2nd stage - Full Proposal),Excitonics Science and Technology toward Revolutionary Semiconductor Lighting: Ultra-Efficiency Excitonic Energy Transfer for Next-Generation Lighting and Displays,Dr. DEMIR Hilmi Volkan,Nanyang Technological University
6/2010 General Competitive Research Programme (CRP) call (2nd stage - Full Proposal),ENABLING TECHNOLOGIES FOR LARGE-SCALE URBAN SUBTERRANEAN SPACE EXPLOITATION IN SOFT SOIL CONDITIONS,Prof. LEE Fook Hou,National University of Singapore
6/2010 General Competitive Research Programme (CRP) call (2nd stage - Full Proposal),Enabling the Next Wave of Ultra Low Power Nano-systems: Heterogenous Integration of Low Power Electronics with High Performance Photonics,Prof. YOON Soon Fatt,Nanyang Technological University
6/2010 General Competitive Research Programme (CRP) call (2nd stage - Full Proposal),Novel 2D Materials with Tailored Properties: Beyond Graphene,Prof. CASTRO-NETO Antonio,National University of Singapore
Directed Request for Proposal (RFP) on Industry-Led Research (for resubmissions only),na,na,na
NRF Proof-of-Concept (POC) 5th Grant Call,A Supercapacitive Energy Storage Device Based On Proprietary Nanomaterials,Dr. XIE Xian Ning,National University of Singapore
NRF Proof-of-Concept (POC) 5th Grant Call,A Body Vein Pattern Verification System for Criminal Investigation,Dr. KONG Adams Wai-kin,Nanyang Technological University
NRF Proof-of-Concept (POC) 5th Grant Call,An Interactive Web-based Game for Helping Angry Children and Youth,Dr. FUNG Daniel,Institute of Mental Health
NRF Proof-of-Concept (POC) 5th Grant Call,Low-Cost Antenna-in-Package for Single-Chip Tri-Band Radio Devices,Prof. ZHANG Yue Ping,Nanyang Technological University
NRF Proof-of-Concept (POC) 5th Grant Call,"Drug loaded microparticles encapsulated into bioadhesive films, locally delivered by angioplasty balloons",Dr. STEELE Terry,Nanyang Technological University
NRF Proof-of-Concept (POC) 5th Grant Call,Ultrafast-Charging and High-Power Lithium Ion Batteries with Novel Two-Dimension Electrode Materials,Mr. LIU Jiehua,Nanyang Technological University
NRF Proof-of-Concept (POC) 5th Grant Call,An advanced Adsorption cycle for desalination: The AD+MED or ADMED cycle,Prof. NG Kim Choon,National University of Singapore
NRF Proof-of-Concept (POC) 5th Grant Call,Electrochromic Photonic Crystal Smart-Window Technology,Dr. TOK Alfred,Nanyang Technological University
NRF Proof-of-Concept (POC) 5th Grant Call,Large-scale transparent graphene-ferroelectric devices for touch screen applications,Dr. ÖZYILMAZ Barbaros,National University of Singapore
NRF Proof-of-Concept (POC) 5th Grant Call,A Novel Cryo-Preparation Technique for Near-Instantaneous Vitrification of Biological Samples,Prof. PICKARD Daniel,National University of Singapore
NRF Proof-of-Concept (POC) 5th Grant Call,Beyond Lithium Ion Batteries: Novel Fluoride Ion Batteries,Prof. SRINIVASAN Madhavi,Nanyang Technological University
NRF Proof-of-Concept (POC) 5th Grant Call,HANDHELD ULTRASONIC BATH ANALYZER,Prof. OHL Claus-dieter,Nanyang Technological University
Call for Research Proposals on Biomimicry of Natural Desalination Processes (EWI RFP 09/02),Desalination in Mangrove Plants: Mechanistic Study of the Salt Gland and Its Implications,Dr. LOH Chiang Shiong,National University of Singapore
Call for Research Proposals on Biomimicry of Natural Desalination Processes (EWI RFP 09/02),Molecular and structural characterization of the desalination mechanisms in euryhaline fish for the mimicry of seawater desalination,Dr. LAM Siew Hong,National University of Singapore
EWI Challenge RFP 10/01 on Energy Self-Sufficiency in Wastewater Treatment,Energy+ : A novel integrated concept for retrofitting and optimizing existing wastewater treatment plants into energy self-sufficiency,Mr. ANDERSEN Martin,Private Companies (others)
NRF Proof-of-Concept (POC) 4th Grant Call,Rapid Design Verification Platform for Analog/RF Circuits beyond the Scale of 65nm and 60GHz,Dr. YU Hao,Nanyang Technological University
NRF Proof-of-Concept (POC) 4th Grant Call,An Adaptive Ultra-Secure User-Controllable Routing Algorithm for Next-Generation Mobile Ad-hoc Network,Mr. KAN Siew Leong,Nanyang Polytechnic
NRF Proof-of-Concept (POC) 4th Grant Call,Automated Neuro-Motor Stroke Rehabilitation Device -  A platform for functional recovery of paralyzed hand after Stroke,Dr. HENG John,Nanyang Technological University
NRF Proof-of-Concept (POC) 4th Grant Call,Sol-gel-derived Environmentally Stable Nanostructured Single Defogging Layer with Persistent Superhydrophiliciy,Ms. WU Xinghua,Nanyang Technological University
NRF Proof-of-Concept (POC) 4th Grant Call,Scalable production of ultrahigh purity single-walled carbon nanotubes,Prof. CHEN Yuan,Nanyang Technological University
NRF Proof-of-Concept (POC) 4th Grant Call,Network Animation Factory (NAF),Dr. CHEN Quan,Nanyang Technological University
NRF Proof-of-Concept (POC) 4th Grant Call,Immersive 3D Audio System for 3D media,Mr. TAN Ee Leng,Nanyang Technological University
NRF Proof-of-Concept (POC) 4th Grant Call,Ballast Water Treatment using Ozone Microbubbles,Prof. NG Kim Choon,National University of Singapore
NRF Proof-of-Concept (POC) 4th Grant Call,Fabrication of high performance Li rechargeable batteries with superfast charge rate and ultrahigh powder density for green-powered city,Prof. LU Li,National University of Singapore
NRF Proof-of-Concept (POC) 4th Grant Call,Line-scan focal modulation microscope,Dr. CHEN Nanguang,National University of Singapore
NRF Proof-of-Concept (POC) 4th Grant Call,Nanoparticle Factories in Flowing Foams: Scalable continuous sub-micron size material synthesis in multi-phase microreactors,Dr. KHAN Saif,National University of Singapore
NRF Proof-of-Concept (POC) 4th Grant Call,A turn-key machine for graphene production,Prof. LOH Kian Ping,National University of Singapore
NRF Proof-of-Concept (POC) 4th Grant Call,Conjugated Polymer-Biomolecule Conjugate as Next Generation Fluorescent Probes for in vitro Diagnostics,Prof. LIU Bin,National University of Singapore
NRF Proof-of-Concept (POC) 4th Grant Call,A biodegradeable valve for a new glaucoma drainage device (GDD) with sustained drug releasing property,Prof. VENKATRAMAN Subramanian,Nanyang Technological University
NRF Proof-of-Concept (POC) 4th Grant Call,"A Randomized, Double-Blind, and Placebo-Controlled Trial of An Anti-Malarial Drug Artesunate for Chronic Asthma",Dr. WONG Wai Shiu Fred,National University of Singapore
NRF Proof-of-Concept (POC) 4th Grant Call,Development of Novel Mesoporous TiO2 Anode based Li-ion Battery for Electric Vehicle Application,Dr. BALAYA Palani,National University of Singapore
Research Programme Call in the Development of Technology Roadmaps (EWI RFP 09/01) (for Short-listed Applicants only),na,na,na
5/2009 Scenario-based Competitive Research Programme (CRP) Call ** For short-listed Proposals only,na,na,na
Directed Call for Proposals on Improving Solar Cell Efficiency and Proposals on Storage Systems for Renewable Energy (CERP RFP 03),Novel High Energy Density Vanadium Redox Flow Cell for Renewable Energy Storage,Dr. LIM Tuti,Nanyang Technological University
Directed Call for Proposals on Improving Solar Cell Efficiency and Proposals on Storage Systems for Renewable Energy (CERP RFP 03),"HIGH-RELIABILITY, LONG-LIFE AND LOW-COST LITHIUM ION BATTERIES FOR GREEN ENERGY STORAGE APPLICATIONS",Prof. SRINIVASAN Madhavi,Nanyang Technological University
Directed Call for Proposals on Improving Solar Cell Efficiency and Proposals on Storage Systems for Renewable Energy (CERP RFP 03),Advanced superstrates for micromorph silicon solar cells,Prof. ABERLE Armin,National University of Singapore
Directed Call for Proposals on Improving Solar Cell Efficiency and Proposals on Storage Systems for Renewable Energy (CERP RFP 03),Advanced poly-silicon thin-film solar cells and modules – Application of solid phase crystallisation,Dr. WIDENBORG Per,National University of Singapore
Directed Call for Proposals on Improving Solar Cell Efficiency and Proposals on Storage Systems for Renewable Energy (CERP RFP 03),Development of industrial high-efficiency multi crystalline silicon wafer solar cells – Application of novel cell architectures and manufacturing technologies,Dr. HOEX Bram,National University of Singapore
NRF Proof-of-Concept (POC) Call For Proposal 3/2009,3-Dimensional Micro/Nano-Structures for Energy Harvesting,Dr. GARDNER Hannah,Nanyang Polytechnic
NRF Proof-of-Concept (POC) Call For Proposal 3/2009,Creating A Comprehensive Lexical Index of documents from the World Wide Web (WWW),Prof. DATTA Anindya,National University of Singapore
NRF Proof-of-Concept (POC) Call For Proposal 3/2009,Partial breast reconstruction using a nanofibrous scaffold following breast-conserving surgery,Dr. CHAN Ching Wan,National University of Singapore
NRF Proof-of-Concept (POC) Call For Proposal 3/2009,Development of efficient methods for the production of biodiesel from grease,Prof. LI Zhi,National University of Singapore
NRF Proof-of-Concept (POC) Call For Proposal 3/2009,Improvement in Yield of Haemotopoietic Stem Cells (HSCs) via Automation and Optimization of the Umbilical Cord Blood (UCB) Collection Process with Further Stem Cells' Characterization,Prof. TAN Kok Kiong,National University of Singapore
NRF Proof-of-Concept (POC) Call For Proposal 3/2009,Development of  a Highly Energy Efficient Revolving Vane Expander,Dr. OOI Kim Tiow,Nanyang Technological University
NRF Proof-of-Concept (POC) Call For Proposal 3/2009,CDH17 Marker as a Novel Target for Liver and Stomach Cancer Therapies,Prof. LUK John,National University of Singapore
NRF Proof-of-Concept (POC) Call For Proposal 3/2009,Fluorescent Tagged Antimalarials as Commercial Molecular Probes to Diagnose Drug Resistance and to Study Diseases,Dr. TAN Kevin,National University of Singapore
NRF Proof-of-Concept (POC) Call For Proposal 3/2009,Development of a Novel Bioabsorbable Drug-Eluting Ventilation Tube for Chronic Middle Ear Infection,Dr. LIM Lynne,National University of Singapore
NRF Proof-of-Concept (POC) Call For Proposal 3/2009,High frequency graphene transistors,Prof. YANG Hyunsoo,National University of Singapore
Stage 2 - EWI Challenge RFP 08/03 (For Short-listed Applicant Only),"“A fully integrated genetic analyzer for Ultra-rapid (within an hour), Unattended, On-line monitoring of Live Cryptosporidium in tap water”",Prof. GONG Haiqing,Nanyang Technological University
Stage 2 - EWI Challenge RFP 08/03 (For Short-listed Applicant Only),"A Multistage-Multiscale-Multidisciplinary (M3) Approach based on Integrated Acoustic Streaming, Dielectrophoresis and Microbiological Studies for Rapid Detection of Microbial Contamination in Water",Dr. LIM Kian Meng,National University of Singapore
Stage 2 - EWI Challenge RFP 08/03 (For Short-listed Applicant Only),MICRO-PHOTONIC-FLUIDIC SYSTEM (MPFS) FOR LABEL-FREE DETECTION OF CRYPTOSPORIDIUM IN DRINKING WATER (0.– NTU),Prof. LIU Ai Qun,Nanyang Technological University
Call for Research Proposals on Biomimetic Membranes (EWI RFP 08/04),Conceptual demonstration and exploratory study of the fabrication of biomimetic membranes for desalination and water reuse,Prof. CHUNG Tai-shung (neal),National University of Singapore
Call for Research Proposals on Biomimetic Membranes (EWI RFP 08/04),Aquaporin Based Biomimetic Membranes for Water Reuse and Desalination,Prof. FANE Anthony,Nanyang Technological University
4/2008 General Competitive Research Programme (CRP) call,Interface Science and Technology,Prof. PANAGOPOULOS Christos,Nanyang Technological University
4/2008 General Competitive Research Programme (CRP) call,Tailoring Oxide Electronics by Atomic Control,Prof. VENKATESAN Thirumalai,National University of Singapore
4/2008 General Competitive Research Programme (CRP) call,"Nanonets: New Materials, Devices for Integrated Energy Harnessing & Storage   ""Nanonets"" comprising networks of electrically interconnected nanowires is exploited for its inventive, high- performance and fault-tolerant properties in electronics, green energy harnessing and storage applications",Prof. MHAISALKAR Subodh,Nanyang Technological University
4/2008 General Competitive Research Programme (CRP) call,MEMBRANE PROTEIN SCIENCES – TOOLS FOR RATIONAL DISCOVERY OF NOVEL THERAPEUTICS AND DIAGNOSTICS TARGETING INTEGRAL MEMBRANE PROTEINS,Prof. TORRES Jaume,Nanyang Technological University
4/2008 General Competitive Research Programme (CRP) call,Adult and induced pluripotent stem cells for neurological disorders and CNS repair,Prof. AUGUSTINE George,Duke-NUS GMS Singapore
4/2008 General Competitive Research Programme (CRP) call,Frontiers in Magnetic Recording Research: Vision for Terabits per square inch,Prof. BHATIA Charanjit,National University of Singapore
3rd FutureSchools@Singapore Call for Proposals,Towards Pervasive Pedagogical Practices and Learning in the 21st Century,Mr. CHUA Chor Huat,"School of Science & Technology, Singapore"
Directed Call for Proposals on Novel Roof-mounted Solar Harvesting Devices and Systems for the Tropical Region (CERP RFP 02),Novel Roof-mounted Solar Energy Assisted Double Cycle Refrigeration for Energy Efficient Building Air-conditioning Systems,Prof. CAI Wenjian,Nanyang Technological University
Directed Call for Proposals on Novel Roof-mounted Solar Harvesting Devices and Systems for the Tropical Region (CERP RFP 02),Singapore modules - Optimised PV modules for the tropics,Prof. ABERLE Armin,National University of Singapore
Directed Call for Proposals on Novel Roof-mounted Solar Harvesting Devices and Systems for the Tropical Region (CERP RFP 02),Low-cost concentrating PV (CPV) systems optimised for Singapore's wet tropical climate,Dr. MASKELL Douglas,Nanyang Technological University
Directed Call for Proposals on Novel Roof-mounted Solar Harvesting Devices and Systems for the Tropical Region (CERP RFP 02),Development of an Integrated Solar Photovoltaic-Thermal Module for the Tropics,Prof. TAY Andrew Ah Ong,National University of Singapore
Directed Call for Proposals on Novel Roof-mounted Solar Harvesting Devices and Systems for the Tropical Region (CERP RFP 02),New solar-powered dehumidification systems for the tropical regions – application of solar thermal energy in desiccant air-conditioning,Prof. LUTHER Joachim,National University of Singapore
Directed Call for Proposals on Novel Roof-mounted Solar Harvesting Devices and Systems for the Tropical Region (CERP RFP 02),High-performance photovoltaic systems for tropical regions - optimization of system performance,Prof. LUTHER Joachim,National University of Singapore
Directed Call for Proposals on Novel Roof-mounted Solar Harvesting Devices and Systems for the Tropical Region (CERP RFP 02),Self-cleaning solar cells with all-directional absorption,Prof. BHATIA Charanjit,National University of Singapore
Directed Call for Proposals on Novel Roof-mounted Solar Harvesting Devices and Systems for the Tropical Region (CERP RFP 02),High Efficiency and Reliable Thin Film Solar Cell for Tropical Region,Dr. TSAI Alan,Private Companies (others)
NRF Research Fellowships 2008,"New Strategies for Selective and Site-Specific Protein Modification via Local Environment and Proximal Residue-Directed Cooperative Organic Catalysis under Mild, Non-toxic and Biocompatible Conditions",Dr. CHI Yonggui (robin),Nanyang Technological University
NRF Research Fellowships 2008,Integrated Nanostructure-Biomaterial Hybrid Systems for Bioelectronics,Dr. CHEN Xiaodong,Nanyang Technological University
NRF Research Fellowships 2008,Analyzing molecular machinery that regulates neural stem cell self-renewal and differentiation in Drosophila larval brains,Prof. WANG Hongyan,Duke-NUS GMS Singapore
NRF Research Fellowships 2008,"Identification of dengue therapeutics and determination of its neutralization mechanisms using a combination of immunological, biochemical and structural techniques",Dr. LOK Shee Mei,Duke-NUS GMS Singapore
NRF Research Fellowships 2008,Development of Cooperative Transition Metal Catalysis for Carbon-Carbon Bond Formation,Dr. YOSHIKAI Naohiko,Nanyang Technological University
NRF Research Fellowships 2008,Optical Properties of Novel Nanomaterials and Field Effect Transistor Nanopore Devices for Single Molecular Detection and DNA Sequencing,Dr. XIONG Qihua,National Research Foundation
NRF Research Fellowships 2008,Information Theoretical Security for Wireless Communications,Prof. OGGIER Frederique,National Research Foundation
NRF Research Fellowships 2008,Algorithmic Aspects of Coalitional Games,Dr. ELKIND Edith,National Research Foundation
NRF Research Fellowships 2008,Mesopic White LEDs of Nanocrystal Quantum Dot Emitters for High Quality Solid State Lighting,Dr. DEMIR Hilmi Volkan,National Research Foundation
Call for Research Proposals in the Chemical Redox Domain (EWI RFP 08/02),Evaluation of sulphate radical-advanced oxidation process for the Removal of emerging contaminants and Disinfection: Fundamental Studies and pilot,Prof. WOODLING Richard,Environment & Water Industry Development Council (EWI)
Call for Research Proposals in the Chemical Redox Domain (EWI RFP 08/02),Assembling of Multifunctional TiONanofiber Membrane for Water Treatment,Dr. SUN Darren,Nanyang Technological University
Call for Research Proposals in the Chemical Redox Domain (EWI RFP 08/02),Low-temperature Solution-processed Protonated Titanium Oxides for Photocatalytic Applications,Prof. CHEN Zhong,Nanyang Technological University
Call for Research Proposals in the Chemical Redox Domain (EWI RFP 08/02),Nitrogen-doped TiO2/AC composite for adsorptive-photocatalytic oxidation-reduction of refractory organic substances under solar irradiation in water purification,Dr. LIM Teik-thye,Nanyang Technological University
Call for Research Proposals in the Chemical Redox Domain (EWI RFP 08/02),Novel Silver Nanoparticle/Multi-Walled Carbon Nanotube Nanohybrid Coating for Disinfection and Biofouling Control in Drinking Water Treatment,Prof. XU Rong,Nanyang Technological University
Call for Research Proposals in the Chemical Redox Domain (EWI RFP 08/02),Silver-doped mesoporous titanium dioxide for water disinfection and detoxification,Prof. ZHAO George,National University of Singapore
Call for Research Proposals in Biological Processes Domain (EWI RFP 08/01),A Pilot Plant Study on a New Combined Upflow Anaerobic Sludge Blanket (UASB)/Membrane Bioreactor (MBR) Process for Treating Municipal Wastewater in Warm Climatic Conditions,Dr. WONG Fook-sin,Nanyang Technological University
Call for Research Proposals in Biological Processes Domain (EWI RFP 08/01),Integration of Novel Forward Osmosis Membranes and Optimized Bioprocess for Water Reclamation,Prof. FANE Anthony,Nanyang Technological University
Call for Research Proposals in Biological Processes Domain (EWI RFP 08/01),MBR Process Modeling and Optimization:  Case Study of Ulu Pandan Water Reclamation Plant with Future Scale-Up Considerations,Prof. CHEN Jim,Nanyang Technological University
Call for Research Proposals in Biological Processes Domain (EWI RFP 08/01),Development of Forward Osmosis Membrane Bioreactor (FO-MBR) for Water Reclamation,Dr. NG How Yong,National University of Singapore
Call for Research Proposals in Biological Processes Domain (EWI RFP 08/01),Material engineering and fabrication of high-performance nanofiltration-based FO membranes for water reuses,Prof. CHUNG Tai-shung (neal),National University of Singapore
Call for Research Proposals in Biological Processes Domain (EWI RFP 08/01),Microbial Fuel Cell Technology for Wastewater Treatment and Alternative Clean Energy Production,Dr. NG How Yong,National University of Singapore
Call for Research Proposals in Biological Processes Domain (EWI RFP 08/01),Minimizing Energy Usage by Applying Hybrid Anaerobic Digestion for Water Reclamation,Prof. WOODLING Richard,Environment & Water Industry Development Council (EWI)
EWI Challenge RFP 07/01 (For awarded proposal to finalise),Novel Electrochemical Desalination Techonology,Mr. JHA Ana,Environment & Water Industry Development Council (EWI)
NRF Proof-of-Concept (POC) Call For Proposal 1/2008,A hand-held digital lensless microscope system for MEMS and micro-device inspection and characterization,Prof. ASUNDI Anand,Nanyang Technological University
NRF Proof-of-Concept (POC) Call For Proposal 1/2008,Flexible Pressure Sensors Using Area-Array Nanocomposites,Dr. ABU SAMAH Zuruzi,Nanyang Polytechnic
NRF Proof-of-Concept (POC) Call For Proposal 1/2008,DISH: Enabling Cooperative Multi-Channel Communication for Wireless Ad Hoc Networks,Prof. MOTANI Mehul,National University of Singapore
NRF Proof-of-Concept (POC) Call For Proposal 1/2008,Redesign of SEMs for parallel energy detection,Prof. KHURSHEED Anjam,National University of Singapore
NRF Proof-of-Concept (POC) Call For Proposal 1/2008,Ultra-low Cost Bead-Based Microarrays for Biomolecular Diagnostics,Dr. DIETER Trau,National University of Singapore
NRF Proof-of-Concept (POC) Call For Proposal 1/2008,"STEREOSCOPIC ""FLICKR"" AND ""YOUTUBE"" - CREATING, VIEWING, PUBLISHING, AND SHARING STEREOSCOPIC IMAGES/VIDEOS AT ANYTIME ANYWHERE",Dr. ZHOU Steven,National University of Singapore
NRF Proof-of-Concept (POC) Call For Proposal 1/2008,"Novel, less invasive mitral valve implantation method involving a bayonet insertion and release mechanism",Prof. KOFIDIS Theodoros,National University of Singapore
NRF Proof-of-Concept (POC) Call For Proposal 1/2008,Green Architecture of an Ultra Low-Power RF Transceiver Chip towards a new paradigm of life qualify,Prof. YEO Kiat Seng,Nanyang Technological University
NRF Proof-of-Concept (POC) Call For Proposal 1/2008,Multi-layered surgical prosthesis with drug-releasing biodegradable coating for hernia repair,Prof. YIN CHIANG FREDDY Boey,Nanyang Technological University
NRF IDM CFP2 - R&D in Interactive Digital Media,Visual and haptic rendering in Co-Space,Prof. SOURIN Alexei,Nanyang Technological University
NRF IDM CFP2 - R&D in Interactive Digital Media,Cinematics and Narratives: creating stories within real-time visual toolsets,Prof. CHAVEZ Mark,Nanyang Technological University
NRF IDM CFP2 - R&D in Interactive Digital Media,Replicating and Processing of Human Body Motion for  Participatory Interaction in Co-Space,Prof. CHEN I-ming,Nanyang Technological University
NRF IDM CFP2 - R&D in Interactive Digital Media,Geometry Videos: Exploring Highly Detailed Motion Data in Co-Space,Dr. HE Ying,Nanyang Technological University
NRF IDM CFP2 - R&D in Interactive Digital Media,Next Generation Human-Machine Interface,Prof. KHONG Andy,Nanyang Technological University
NRF IDM CFP2 - R&D in Interactive Digital Media,MARGE: Layering Gaming Interactions in Mobile Content Sharing Environments,Dr. GOH Dion,Nanyang Technological University
NRF IDM CFP2 - R&D in Interactive Digital Media,Next Generation Annotation Techniques for Consumer Photos and Videos,Prof. XU Dong,Nanyang Technological University
NRF IDM CFP2 - R&D in Interactive Digital Media,Emotion-based personalised digital media experience in Co-Spaces,Prof. SOURINA Olga,Nanyang Technological University
NRF IDM CFP2 - R&D in Interactive Digital Media,Visual Cloning towards Semantics and Privacy,Dr. YAN Shuicheng,National University of Singapore
NRF IDM CFP2 - R&D in Interactive Digital Media,Attentional Mechansims for Video Retargeting,Dr. RAJAN Deepu,Nanyang Technological University
NRF IDM CFP2 - R&D in Interactive Digital Media,Trust Prediction in Co-Space: A Data Driven Approach,Dr. LIM Ee Peng,Singapore Management University
NRF IDM CFP2 - R&D in Interactive Digital Media,Agent-Augmented Co-Space: Growing Cognitive Autonomous Agents for Context-Aware Personalized Experience in Co-Space,Prof. TAN Ah-hwee,Nanyang Technological University
NRF IDM CFP2 - R&D in Interactive Digital Media,Structure-Aware Data and Query Modeling for Effective Information Retrieval over Heterogeneous Data Sources in Co-Space,Prof. OOI Beng Chin,National University of Singapore
3/2008 Scenario-based Competitive Research Programme (CRP) Call,na,na,na
Research & Development Programme on Interactive and Digital Media in Education: 3rd Call for Proposals,Enhancing education in environmental awareness: A game-based approach to ambient learning,Prof. CHEN Hsueh-hua Vivian,Nanyang Technological University
Research & Development Programme on Interactive and Digital Media in Education: 3rd Call for Proposals,Using embedded technology support (i-Cube) for children’s concept development through play,Prof. GOH Wooi-boon,Nanyang Technological University
Research & Development Programme on Interactive and Digital Media in Education: 3rd Call for Proposals,The impact of digital games on adolescents’ social and psychological development,Prof. DUH Been-lirn,National University of Singapore
Research & Development Programme on Interactive and Digital Media in Education: 3rd Call for Proposals,Intelligent Agent-Augmented Multi-User Virtual Environments: Research into Designs for Learning Environments of the Future,Dr. MIAO Chunyan,Nanyang Technological University
Research & Development Programme on Interactive and Digital Media in Education: 3rd Call for Proposals,Youth Tell: Bridging Formal and Informal Learning through Digital Storytelling with Singapore Youth,Dr. ANDERSON Kate,National Institute of Education
1/2007 General Competitive Research Programme (CRP) Call,na,na,na
2/2007 General Competitive Research Program (CRP) Call,Biodegradable Cardiovascular Implants,Prof. YIN CHIANG FREDDY Boey,Nanyang Technological University
2/2007 General Competitive Research Program (CRP) Call,Towards manufacturability of carbon nanotube-based printed electronics,Prof. CHAN Bee Eng Mary,Nanyang Technological University
2/2007 General Competitive Research Program (CRP) Call,Theory and Practice of Coding and Cryptography,Prof. LING San,Nanyang Technological University
2/2007 General Competitive Research Program (CRP) Call,"BIOLOGICALLY-INSPIRED DESIGN, NANO-FABRICATION AND NANO-LUBRICATION OF MEMS, NEMS AND MICRO-MECHANICAL DEVICES",Dr. SINHA Sujeet,National University of Singapore
Clean Energy Research Programme (CERP),Innovative processes for low cost solar grade (SOG) Si purification,Prof. LAN Weiguang,National Research Foundation
Clean Energy Research Programme (CERP),High Efficiency Multijunction III-V Solar Cell Technology for Terrestrial Photovoltaic Application,Prof. YOON Soon Fatt,Nanyang Technological University
Clean Energy Research Programme (CERP),"Low-Cost, Microcrystalline Silicon Thin-film Solar Cells via Advanced Plasma Processing",Prof. XU Shuyan,Nanyang Technological University
Clean Energy Research Programme (CERP),Development of Flexible Dye Sensitized Solar Cells for Commercial Applications,Dr. LIU Bin,National University of Singapore
Clean Energy Research Programme (CERP),Novel High Efficiency Solid-State Self-sensitized Solar Cells (S5C),Prof. TAN Ooi Kiang,Nanyang Technological University
Clean Energy Research Programme (CERP),Development of New Prototypes of High Performance Quantum Dots Excitonic Solar Cells,Prof. SEERAM Ramakrishna,National University of Singapore
Clean Energy Research Programme (CERP),MPVF – Multifunctional Photovoltaic Facades with integrated innovative thin-film and selected emerging PV technologies for energy generation and conservation,Dr. WITTKOPF Stephen,National University of Singapore
Clean Energy Research Programme (CERP),Computational Tools for Optimal Planning and Scheduling of Distributed Renewable Energy Sources,Prof. SRINIVASAN Dipti,National University of Singapore
2nd FutureSchools@Singapore Call for Proposals,"FutureSchool@Crescent – Empowering the Learners, Connecting with the Future",Mrs. LEE Bee Yann,Crescent Girls' School
2nd FutureSchools@Singapore Call for Proposals,FS@Hwa Chong: A Collection of Technological-based Initiatives to facilitate global learning opportunties and create diverse learning environments for multidimensional learning,Mr. HON Chiew Weng,Hwa Chong Institution
2nd FutureSchools@Singapore Call for Proposals,Empowering the future today - Creators in the 21st Century and beyond,Ms. RATNASINGAM Selvarani,Canberra Primary School
2nd FutureSchools@Singapore Call for Proposals,Designing innovative learning environments and new educational technologies for constructivist learning,Ms. YOKE CHUN Tham,Jurong Secondary School
Translational and Clinical Research (TCR) Flagship Program (Cancer),na,na,na
Research & Development Programme on Interactive and Digital Media in Education: 2nd Call for Proposals,Legends of Alkhimia: Fostering Authentic Learning of Chemistry within Fictionalized Game Environments,Prof. CHEE Yam San,National Institute of Education
Research & Development Programme on Interactive and Digital Media in Education: 2nd Call for Proposals,Trans-contextual Learning: Student Learning with Mobile Devices in a Persistent-world Game to Construct Meaning and Identities,Prof. CHEE Yam San,National Institute of Education
Research & Development Programme on Interactive and Digital Media in Education: 2nd Call for Proposals,Leveraging Mobile Technology for Sustainable Seamless Learning in Singapore Schools,Prof. LOOI Chee-kit,National Institute of Education
Research & Development Programme on Interactive and Digital Media in Education: 2nd Call for Proposals,Promoting Geospatial Literacy and Environmental Awareness with Participatory GIS,Dr. HIGGITT David,National University of Singapore
1/2007 General Competitive Research Programme (CRP) Call,na,na,na
NRF Research Fellowships,Novel Quantum Phases on the Border of Magnetism,Dr. PANAGOPOULOS Christos,Nanyang Technological University
NRF Research Fellowships,Dissecting transcriptional networks controlling cell-type specific responses to salt stress in the root of Arabidopsis,Dr. DINNENY Jose,Temasek Life Sciences Laboratory
NRF Research Fellowships,Morphological and molecular characterization of a bi-lobed structure required for organelle biogenesis and cytokinesis in Trypanosoma brucei,Dr. HE Yingxin,National University of Singapore
NRF Research Fellowships,Epsin-mediated endocytosis in Notch signaling and Vascular Development,Dr. CHEN Hong,National University of Singapore
NRF Research Fellowships,Aqueous [2 + 2 + 2] Cyclotrimerization of Alkynes As a More Versatile “Click” Reaction,Dr. HONG Soon Hyeok,National Research Foundation
NRF Research Fellowships,Phase Coherent Charge and Spin Transport in  Nanostrutcured Graphene and Ferromagnet Hybrid Devices,Dr. ÖZYILMAZ Barbaros,National Research Foundation
NRF Research Fellowships,Strain Engineering for Next-Generation Semiconductor Manufacturing,Dr. YEO Yee Chia,National Research Foundation
NRF Research Fellowships,"Understanding molecular mechanisms of post-transcriptional control in neuronal differentiation: a link between microRNAs, alternative pre-mRNA splicing and mRNA quality control",Dr. MAKEYEV Eugene,Temasek Life Sciences Laboratory
NRF Research Fellowships,Asymmetric Catalytic [4+1] Cycloadditions between Dienes and Carbene Precursors,Dr. ZHOU Jianrong,National Research Foundation
"Interactive Digital Media: Animation, Games & Effects, ""On-the-Move"" Technologies, Media Intermediary (""Mediary"") Services, and Social Impact","Surface construction, compression and encoding for IDM applications",Prof. TAI Xue-cheng,Nanyang Technological University
"Interactive Digital Media: Animation, Games & Effects, ""On-the-Move"" Technologies, Media Intermediary (""Mediary"") Services, and Social Impact",M-EDGE: Music-Emotion Driven Game Engine,Dr. DILLON Roberto,Nanyang Polytechnic
"Interactive Digital Media: Animation, Games & Effects, ""On-the-Move"" Technologies, Media Intermediary (""Mediary"") Services, and Social Impact","Computer Assisted Cel Animation, CACAni 2.0",Dr. SEAH Hock Soon,Nanyang Technological University
"Interactive Digital Media: Animation, Games & Effects, ""On-the-Move"" Technologies, Media Intermediary (""Mediary"") Services, and Social Impact",New Music and the Networked Ensemble,Prof. WYSE Lonce,National University of Singapore
"Interactive Digital Media: Animation, Games & Effects, ""On-the-Move"" Technologies, Media Intermediary (""Mediary"") Services, and Social Impact",Social Robots: Breathing Life into Machines,Prof. GE Shuzhi Sam,National University of Singapore
"Interactive Digital Media: Animation, Games & Effects, ""On-the-Move"" Technologies, Media Intermediary (""Mediary"") Services, and Social Impact",Interactive Media Search,Prof. CHUA Tat-seng,National University of Singapore
"Interactive Digital Media: Animation, Games & Effects, ""On-the-Move"" Technologies, Media Intermediary (""Mediary"") Services, and Social Impact",Automated Storyplanning for Games,Dr. NAREYEK Alexander,National University of Singapore
"Interactive Digital Media: Animation, Games & Effects, ""On-the-Move"" Technologies, Media Intermediary (""Mediary"") Services, and Social Impact",Towards Highly Interactive Distributed Media Environment,Dr. ZHOU Suiping,Nanyang Technological University
"Interactive Digital Media: Animation, Games & Effects, ""On-the-Move"" Technologies, Media Intermediary (""Mediary"") Services, and Social Impact",Events in the World: Developing & Using Interactive Digital Media for Multimodal Discourse Analysis (MDA),Prof. O'HALLORAN Kay,National University of Singapore
"Interactive Digital Media: Animation, Games & Effects, ""On-the-Move"" Technologies, Media Intermediary (""Mediary"") Services, and Social Impact","Systematic Design Methods and Tools for Developing Location-aware, Mobile and Pervasive Computing Systems",Dr. DONG Jin Song,National University of Singapore
"Interactive Digital Media: Animation, Games & Effects, ""On-the-Move"" Technologies, Media Intermediary (""Mediary"") Services, and Social Impact",Life Spaces,"Prof. WONG Lawrence, Wai Choong",National University of Singapore
"Interactive Digital Media: Animation, Games & Effects, ""On-the-Move"" Technologies, Media Intermediary (""Mediary"") Services, and Social Impact",Business Models for Interactive Digital Media Services and Policy Implications for Regulators,Prof. SHARMA Ravishankar,Nanyang Technological University
"Interactive Digital Media: Animation, Games & Effects, ""On-the-Move"" Technologies, Media Intermediary (""Mediary"") Services, and Social Impact",Smart Proximity Based Service Agents on Mobile Handsets,Dr. QUAH Jon,Nanyang Technological University
"Interactive Digital Media: Animation, Games & Effects, ""On-the-Move"" Technologies, Media Intermediary (""Mediary"") Services, and Social Impact",Next Generation of Directional Sound Beam with Bass Enhancement and Beamsteering to Support New Interactive Digital Media Applications,Prof. GAN Woon Seng,Nanyang Technological University
1st FutureSchools@Singapore Call for Proposals,na,na,na
Research & Development on Interactive Digital Media in Education,Effectiveness of 3D Simulation-Based Learning for Polytechnic Level Engineering Students,Mr. TAN Kim Cheng,Temasek Polytechnic
Research & Development on Interactive Digital Media in Education,The Creation of Innovative Educational Environments exploiting Contextualized Interactive Augmented Reality Technologies,Mr. ONG Alex,Republic Polytechnic
Research & Development on Interactive Digital Media in Education,Serious Immersion and Embodied Learning: Traces of Dinosaurs in Earth System Science,Prof. KIM Beaumie,National Institute of Education
Research & Development on Interactive Digital Media in Education,Flexible Collaboration for Interactive WhiteBoard (IWB) Classrooms,Prof. LOOI Chee-kit,National Institute of Education
